traffic_density,sentinel_no2,construction_permits,sentinel_co,industrial_zoning,sentinel_so2,local_temp_anomalies,modis_fire_power,cropland_fraction,target_pm25
0.3745401188473625,0.19422204163659898,0.15599452033620265,0.26274346533533,0.05808361216819946,0.08462263192810249,0.35403628889802274,1.0292247147901223,0.9699098521619943,70.33745841144437
0.8324426408004217,0.40393314961899296,0.18340450985343382,0.22876286259712275,0.3042422429595377,0.14987014122589684,0.14561457009902096,30.592644736118974,0.13949386065204183,149.98185376542887
0.29214464853521815,0.18169066932871691,0.7851759613930136,0.3285717556140921,0.19967378215835974,0.20102665169993572,0.023225206359998862,30.37724259507192,0.17052412368729153,135.03549717018677
0.06505159298527952,0.09600794468881622,0.09767211400638387,0.2766736252542471,0.6842330265121569,0.37168546936256647,0.2475884550556351,1.7194260557609198,0.9093204020787821,92.19297616540625
0.2587799816000169,0.14025603694387467,0.5200680211778108,0.41062001957122685,0.5467102793432796,0.32772790599271706,0.4609371175115584,4.424625102595975,0.1959828624191452,118.07620888422493
0.045227288910538066,0.06763664842095984,0.2713490317738959,0.2022399988553244,0.8287375091519293,0.43743519262873776,0.27134804157912423,7.046211248738132,0.8021969807540397,117.29899758944242
0.07455064367977082,0.1589263972075603,0.7290071680409873,0.46308957339196405,0.7712703466859457,0.4314918555408814,0.05793452976256486,43.155171293779674,0.6232981268275579,223.93299555007206
0.3308980248526492,0.22347260387752693,0.32518332202674705,0.2770358311737091,0.7296061783380641,0.43149899755364063,0.23610746258097465,5.9797122969150855,0.713244787222995,128.14186877889898
0.7607850486168974,0.4790857320909327,0.49379559636439074,0.3650477415089832,0.5227328293819941,0.30339364689069304,0.053945713496652226,1.5714592843367126,0.6364104112637804,117.97361071277093
0.3143559810763267,0.2709190169618228,0.24929222914887494,0.27573768529777,0.41038292303562973,0.23940629494385646,0.038489954914396496,14.4875726456884,0.16122128725400442,108.16063289170026
0.9296976523425731,0.4969514775132695,0.8714605901877177,0.5193475097029168,0.8036720768991145,0.4792732811205528,0.4480456499617466,15.900173748593193,0.11005192452767676,193.07879590650055
0.22793516254194168,0.25486074602375447,0.8607305832563434,0.443621541435622,0.006952130531190703,0.00037254431432594964,0.11105390523536512,5.99326836668414,0.33761517140362796,79.70598769182155
0.9429097039125192,0.4879108230697454,0.7030189588951778,0.3097899410087666,0.363629602379294,0.23144378509941418,0.15043915490838483,14.242024718873381,0.036886947354532795,130.98098895644986
0.6095643339798968,0.31086661847013486,0.27864646423661144,0.28379080449255356,0.9082658859666537,0.49263875883105884,0.2447263801387815,49.282522705530035,0.2420552715115004,226.9102255728543
0.6721355474058786,0.3300874136645042,0.7282163486118596,0.4571219473780203,0.3677831327192532,0.26199567247719036,0.26788734203737924,4.514488502720415,0.835302495589238,133.36962270143698
0.32078006497173583,0.31364227367261743,0.016587828927856152,0.2486558194601258,0.512093058299281,0.3190282638022226,0.08718321450249572,34.546886905123294,0.3867353463005374,155.05292788071432
0.9367299887367345,0.45527877554586316,0.11347352124058907,0.1897664376807343,0.9246936182785628,0.5052119086239175,0.3299920230170895,40.86111001006079,0.5552008115994623,253.3618945509686
0.5296505783560065,0.295635683450958,0.8972157579533268,0.4588713915312228,0.9004180571633305,0.4714081996279893,0.17460478730633044,36.297783943511966,0.8971102599525771,268.40586417012605
0.8870864242651173,0.4857166119816042,0.08413996499504883,0.28609552934752014,0.16162871409461377,0.13534012243728438,0.004598525808314824,5.0735771433016055,0.6635017691080558,99.37031322888095
0.005061583846218687,0.11076628413806104,0.6918951976926933,0.346725814689846,0.6519612595026005,0.3906706510489012,0.11862454374840004,16.269984907963387,0.7464914051180241,140.5976724521092
0.6496328990472147,0.3810774718217084,0.5683086033354716,0.417519360248742,0.09367476782809248,0.06943996277972031,0.12199482168954179,48.65052773762228,0.3930977246667604,189.3160993174443
0.8920465551771133,0.5172877206051771,0.5026370931051921,0.3776891281161574,0.5769038846263591,0.31032383696954857,0.36122605763075266,14.03861812204279,0.02431596643145384,153.46158156828648
0.6454722959071678,0.35198229891878413,0.9666548190436696,0.5270134866104879,0.9636199770892528,0.5227607438977331,0.19254886430096263,42.556833575842845,0.31692200515627766,251.265537047975
0.1694927466860925,0.2033025606926347,0.696029796674973,0.41343288258004673,0.570061170089365,0.33964965950358517,0.49502692505213164,7.004200761826201,0.5183296523637367,124.26297471733045
0.8773730719279554,0.49457158665420486,0.7024840839871093,0.4640551524010197,0.35949115121975517,0.24784801480900875,0.4050566973395904,43.35361592900519,0.9132405525564713,266.358060073528
0.5113423988609378,0.3764047759610515,0.6499639307777652,0.39535449787036114,0.7019668772577033,0.4056293617923798,0.1689975784257679,18.7791476319972,0.093981939840869,156.5773684084905
0.578280140996174,0.3293302492964887,0.5426446347075766,0.3360602533197698,0.2865412521282844,0.18497998995634438,0.01867409437460721,41.13002803298291,0.3601906414112629,179.44525259329316
0.12706051265188478,0.2288432121173979,0.21582102749684318,0.271173858252607,0.6228904758190003,0.4092259570573494,0.3187149507491033,36.30456668613308,0.9758520794625346,230.09181895219191
0.5163003483011953,0.3589211265202258,0.2708322512620742,0.24982118800483694,0.4389714207056361,0.25404932879768294,0.08664716003542289,7.8218521335543025,0.25024289816459533,114.4310305580259
0.5492266647061205,0.3669597503868266,0.27993389694594284,0.3473005118524266,0.9548652806631941,0.5349785656408053,0.3058603731171761,20.980003121389494,0.24773098950115746,187.209754706673
0.3559726786512616,0.2305194734001712,0.09783416065100148,0.3229505322189157,0.49161587511683236,0.26990908806881897,0.21692582461898652,19.92523671986867,0.6158500980522165,140.14865776888075
0.6350936508676438,0.34761685302007217,0.6258599157142364,0.3644747361515436,0.5031362585800877,0.30966763946545434,0.08146721354071484,3.528437370021492,0.6424192782063156,124.65658799646417
0.026511310541621813,0.14296265905600095,0.575474177875879,0.37894699475396515,0.3881699262065219,0.23178228954783436,0.27280839465796747,47.07324043882626,0.38610263780077425,198.23890162310417
0.9611905638239142,0.4601545872269477,0.3189756302937613,0.3060726021524144,0.8448753109694546,0.4599929121866017,0.3483685826820753,31.4471423389942,0.877472013527053,247.08602570405293
0.7350710438038858,0.36254337465829867,0.17743954377972282,0.2970695956315331,0.7506147516408583,0.3895539435817935,0.3882064803709984,17.040177012650894,0.9307573256035647,177.8074304574923
0.8584127518430118,0.521008089529171,0.7545428740846823,0.40438696845169086,0.10312386883593261,0.1018048645994308,0.4132287330538708,16.002480051530586,0.8955232284962005,164.33881019792295
0.3892016787341631,0.24212864837923814,0.9500619670508049,0.45436385596982254,0.9506071469375561,0.5635499262655774,0.22422276098915989,14.660538584903227,0.32866454536991596,182.78441775413373
0.6725184560770384,0.407541298906971,0.7896181427945539,0.47023824801185576,0.09120610304869037,0.08162011996250684,0.27476444116186777,22.07652506866885,0.8877041827582998,166.81659207689412
0.3509150125520787,0.27105807209460275,0.10112267612279024,0.29823084224183655,0.08410680611499743,0.08338733491944751,0.4109300296451781,35.31211135782481,0.08134878064189976,124.30592608586984
0.08483771408519192,0.19165280255452297,0.9472485773838587,0.4603054866863916,0.9860010638228709,0.529715983045347,0.04175035834933438,38.85734579637184,0.558404249735805,237.6121656204961
0.4242220092469763,0.25457259159497514,0.46866064199412627,0.3403700511487231,0.05630327568183735,0.10357440236053697,0.2916843825485798,48.10862742372709,0.37487057952370406,184.55623505535434
0.28571208628186073,0.1971247726811859,0.9632225394406113,0.5118505845536254,0.012154474689816341,0.057470290635285755,0.49648239805965017,3.689828236769943,0.5538542844013208,98.0412662717275
0.969302535619099,0.6015090791259998,0.6957486889846172,0.42903594094788156,0.45454106476777323,0.3012787633521546,0.4505790052454945,2.2723190170728937,0.2809631895922303,151.84639407230597
0.9504114840765587,0.47461799684914796,0.6201325978015367,0.43485523566451617,0.2773811829811327,0.18553611232548428,0.1766761140130264,29.182805592543602,0.07773463696498484,152.90964063007345
0.9743948076661665,0.39412259721325565,0.8137950197069487,0.4622623288523497,0.6847311725538793,0.4072048466075289,0.20912151814530944,46.63642416770066,0.8660638895004084,304.1816538672328
0.04521867010618941,0.11440691225288045,0.8105533307818329,0.42905493978518927,0.9872761293149445,0.5495476151459359,0.19044542831551076,48.49571989073016,0.8421189231357087,276.5647003015551
0.8383287047111379,0.3127182518186685,0.27340707193070624,0.23695743064597846,0.056375496650927115,0.08337553450545744,0.4998588366430653,49.831841853695266,0.5554317056026274,218.75084333171498
0.7689874151805105,0.3919437806613822,0.12915941515149498,0.1587916509185744,0.9540510272587224,0.49965371131852404,0.33585034220292836,30.90641202289479,0.3581627180328405,209.3046315226204
0.11355759219962902,0.15753972118400725,0.7723183917356393,0.5340654635772037,0.5201635011119934,0.31348120861414286,0.28046898576769314,43.832680132917254,0.40348286621239704,208.2924618300318
0.13401522845064073,0.22805835007448025,0.21296416150891073,0.3077805068766789,0.13637147558676976,0.08356827571807354,0.21873746101186453,45.20793472468742,0.34825546702330035,162.43735716490232
0.5139894891598108,0.28126007086178684,0.6220867002278735,0.45334829211156885,0.8623637087467452,0.48088748920067387,0.12912219414947917,22.956787811913067,0.980032575285477,215.60858488058216
0.4926180939928696,0.3531811218370489,0.24014561877819307,0.19998389760865798,0.07586332810866392,0.06590662595738972,0.1728336416619316,44.839420495300594,0.47396164026287235,177.12492304400885
0.6675577385210272,0.34468892187387756,0.04086861626647886,0.18847701748151355,0.16893506307216455,0.1181575500703125,0.044351266878527806,6.03179355503004,0.46077876803272577,80.42197079037948
0.2063337184057925,0.18540718751353186,0.6903948286293653,0.2929783240867697,0.039312139841098936,0.07994784973436025,0.040879515974435954,43.67893120533886,0.9208724005318132,210.96129256650758
0.06107795985486375,0.16699889717197103,0.7482596903836584,0.39345972098831994,0.18452101935637732,0.13131491295143824,0.24226149259551066,30.912738576514798,0.3689136395697724,134.86968644033368
0.4625347161331479,0.3275839910722006,0.8952068376871993,0.4191652590163327,0.5116774421156661,0.28639335010335165,0.22370618341172732,26.630863322751157,0.24247050363472966,168.41694125320305
0.26924323094938096,0.19835203625173195,0.3220791655831783,0.29423420580627657,0.21144800699654465,0.14025950408921586,0.4452636403699475,29.679622677702433,0.6791023191444896,158.47322473364238
0.7891712386073383,0.37196978946868053,0.5371065418185478,0.3609671665291967,0.5868411180208791,0.33461046783296905,0.06379015139778188,14.188795289936223,0.3630822963986351,158.03952394405184
0.6459172413316012,0.2626780175192227,0.9865152487929797,0.5430188035409176,0.6057748193568872,0.345658952889904,0.07642956959216601,12.297886419225406,0.16068137325955567,148.28325858911444
0.18656702405130576,0.13319762106958555,0.8967654246264252,0.4417711674213353,0.08023374566164221,0.0400616823975768,0.4911893084543032,5.601945108402617,0.39785559904574164,94.87299434701188
0.9694704332753689,0.49965439254813476,0.25790282704493983,0.29104971827041337,0.17088758739006582,0.14601012588764045,0.2783814465069649,28.580634473494992,0.2799790936602842,157.3865266742863
0.7694929331919369,0.37956932311329605,0.4254364386164168,0.2775285954034883,0.507610378684455,0.29463280380336754,0.3053100212208163,14.431527662012789,0.5812382214226123,152.53763118119758
0.1543627152742023,0.30093395728413347,0.05182353682242691,0.13499678054896702,0.3366042781939206,0.2062627655190326,0.34075136111196463,38.011392994484325,0.5956387406078443,176.14564114176346
0.47157618855015837,0.20011831600296875,0.9295291442478258,0.427227289822633,0.8306194077877291,0.46870428958167204,0.09061653308283008,3.3248133683388748,0.741120649290059,143.514174170848
0.5744731131799119,0.3237966993036848,0.7952673118598902,0.44426666656861613,0.20162732004774453,0.14444408981086548,0.40728736011569106,33.25986103481001,0.5230654247691193,184.29459926744255
0.3588304841235025,0.2300220277155241,0.8165994394715771,0.4923606787245436,0.4391349085702184,0.25603919387542845,0.15068893708207104,37.380469008812554,0.5027203900924792,184.18178686127038
0.2322126951468173,0.1809261447572185,0.5435528611139886,0.40422110712144693,0.9064721109645469,0.48553973664391376,0.46991606180673756,31.385402653570893,0.3349056146570861,199.77588764852686
0.13927207266338726,0.1811777348821602,0.5334610919763215,0.42240468035448275,0.8938925830509576,0.48719839104705587,0.15586103389777411,12.424456990723288,0.743946292572677,156.17111626738637
0.03353243473577938,0.18890153951729294,0.8767656367617495,0.4831314150308709,0.34208174871590746,0.24678037363494562,0.07495871367438689,11.462569761632075,0.7222525683930663,114.8702496946966
0.7200365365460744,0.4573097806829847,0.5427244433475962,0.41324748049672066,0.25179905890695276,0.15473182139653535,0.45422528066681417,29.169589738306023,0.4008514167636399,171.09543738375666
0.4620058036441327,0.29382886354792465,0.6114542354346478,0.5156148498003219,0.01811018382084051,0.09469836428114184,0.46124969058864784,35.36193171566993,0.15253904291426135,150.38071461915067
0.5762883601668132,0.2634430861767404,0.7364442356247228,0.5152746762936287,0.9343670147690148,0.5153789541033832,0.056619022920377626,49.242059948116726,0.8388980864459341,300.99785594111273
0.12466268120326685,0.27679962756818105,0.39900270387013026,0.34589844451642876,0.05476163882203133,0.09880074875512077,0.0023160115023014294,16.67495858455721,0.3981686935909433,87.19965071471637
0.5373956029379229,0.3034642626028498,0.3469532018962277,0.3354929612429018,0.7375012481097484,0.3886953237022621,0.2262197580663467,7.042851018989992,0.1763869865062233,129.53895915583155
0.49836777273947974,0.3395690646013352,0.3623938991166331,0.3008574750667674,0.5805883502780435,0.31995033172811393,0.4805351587347276,7.433136387655647,0.41462412372702373,133.94741493416882
0.08534966807864386,0.13417482310931628,0.5953850173200438,0.3865283042436815,0.06707647738842748,0.06788736458952414,0.4490271447203569,10.256982024100358,0.19068772066366657,88.56205406222043
0.03654966784809488,0.24311620912375467,0.06570863942835237,0.16435736909850465,0.7755276166950106,0.46553545372831107,0.22038137346911407,20.0381530437663,0.5596403313082179,133.44766926414007
0.1552402459307125,0.1765882115807084,0.9461154621336327,0.47109357522147155,0.37330931627975295,0.2533191356922913,0.2043670855490482,1.269317783017243,0.15615259736619036,90.28140296038228
0.7159722288473975,0.38192783275927555,0.22197216193294944,0.2680908303062427,0.2310747965880714,0.1675123138467824,0.0892723310271668,32.63730539259374,0.23818278104672652,147.05217416936486
0.09944139275934516,0.18046975250991834,0.8556964681062857,0.40968825170349055,0.8302198645669916,0.49803787713709524,0.10249214770791049,14.657386513050664,0.8963358185211198,162.36136604321172
0.013001923510736035,0.02171181080087441,0.8926717110769748,0.5560358600362284,0.8174435617384409,0.433891756250238,0.18984620408363345,29.51474712574039,0.26806364082287626,171.48412346412294
0.624148907849134,0.411994299966133,0.4361265291353167,0.22234407438855208,0.29446575954191767,0.21666933357441354,0.3999276279736576,21.26067522346167,0.022469308320117398,132.402959192925
0.2686773593849461,0.3152329206756321,0.2578876854332023,0.3109791698506493,0.13935607407282413,0.09390908944126557,0.13615366325968448,0.9195338273733367,0.914298806560499,65.1938680689071
0.11775108289014113,0.0656207838572401,0.5541780025157934,0.39384658352021307,0.6514203883518642,0.3663272397720334,0.005497914329240239,6.844281503440364,0.9000186418481051,117.80597003697405
0.8738900775625152,0.5305827032832999,0.6650366745462555,0.4780357341269336,0.1753712786234496,0.13452360951032083,0.19156926412474873,25.94588526414188,0.046965966775055046,150.2797871975536
0.1662833687560794,0.14911269318758982,0.6031521094663882,0.3908735509847311,0.24534910968132095,0.14219425000611988,0.17783635823247457,35.95229525921228,0.297121715623175,144.33505695067967
0.5664046402968972,0.430627588957016,0.936829739324758,0.46582123987306456,0.7325720972102503,0.42843738589175234,0.025712906742125174,24.818312360061817,0.5968428489168892,192.63909690293193
0.3342438908169608,0.21608890714680482,0.07513778173580876,0.23466735580136863,0.7281887562036033,0.4535949251744173,0.2174136693018731,12.320101661955341,0.8191023176741997,140.92109097852526
0.7994158789689793,0.3653773048245036,0.5902306668690871,0.42354332542796463,0.3609738969400268,0.20409999068726528,0.27095047368917907,43.647291793820415,0.7322248864095612,238.9962052460358
0.8065611478614497,0.48693788981481,0.8491956515653193,0.5078691880152815,0.24966800885918594,0.14430296719563804,0.4938340039983235,47.202966984330665,0.0394268113685059,194.12391722200078
0.7055751725156885,0.4231543057382024,0.03394597858579884,0.21687617628803965,0.6974202672468399,0.4076429282537617,0.4855291225826839,47.213324455671696,0.47421421665746377,237.53469758051236
0.8620426509893134,0.4215445512755227,0.8289154741506773,0.4930005128736559,0.03700763471549262,0.04040061891045711,0.060283442888639405,3.847660081460458,0.6962887758781398,105.6300100318683
0.33987496376806614,0.22289862284488668,0.31529033783061033,0.3013363373901675,0.5394912923753372,0.3067339493565315,0.31294568821850455,44.29888741180935,0.6158631881823046,223.6183616678596
0.23295947475363377,0.2288537694117258,0.7987832357736654,0.44198583138828684,0.9979341105333375,0.5734304742784979,0.20096545680462108,23.99378101519544,0.6275054632183701,200.87888348446631
0.8736771141863388,0.36537982941787406,0.7375823015888915,0.33334474047696006,0.23877714576830233,0.1633813631223786,0.14361949582704087,14.815406022799504,0.23360775104990994,129.22988273453012
0.04209318963636188,0.020153360799166742,0.6796472826930698,0.34352439322560224,0.21825388786506417,0.15581248286959978,0.43955915378108235,47.23660111457051,0.4674015112498697,185.23624009172
0.6134113892107077,0.4037197014034649,0.5126885110165086,0.43486198119433833,0.2306698117177587,0.15498423284071486,0.09321913107212726,38.97922367833767,0.3501252591667301,172.18280409515387
0.05784267656339637,0.10446710720653009,0.7582384757040913,0.3687930323606211,0.6960206180537922,0.4048826808176005,0.11222028591833033,11.190880741131155,0.5369744228934136,129.88663122666586
0.5929399348417032,0.29517047000751434,0.8774608626303804,0.47147315016097113,0.26560004258870606,0.19367000335013987,0.27542868530456965,4.349337995570507,0.4084532130706987,120.44964618128756
0.372688517012314,0.2932804486328846,0.4958757350787708,0.3012285309533649,0.08104621590764793,0.10441832857075477,0.03806542974515009,42.56034570243843,0.4951465270139743,165.87963454056572
0.480586577326648,0.3525160348283011,0.34780920790219305,0.3214995149215016,0.6780161525590636,0.35622015092625064,0.439314993177579,39.871301080346406,0.6584518346584255,233.34399436160905
0.8505817290942419,0.4605135712947157,0.837013328363672,0.48685434919915865,0.6974714616692836,0.4189061473302135,0.3763583197788206,7.930255264653685,0.8808707591989284,183.65423581572796
0.871843527745232,0.430221242668228,0.7435082562916078,0.38137452752351897,0.1607598960483082,0.13874499911987412,0.2537338668804181,0.319293585841679,0.2870381331749128,107.29138281279774
0.6169269183757422,0.3480028722717261,0.2598035810641598,0.2824388817255874,0.6340057030996114,0.3969055264601539,0.053490319413479204,38.0513951251014,0.5412665786761103,207.802529853092
0.9629920038589946,0.5456458987489212,0.9320281055100175,0.4075337192498245,0.10250972799067926,0.10476578059314978,0.03391852955258595,15.048178347340812,0.7081720886452816,150.29324909036302
0.0673506014687717,0.03644229553847339,0.6209155177674771,0.4345254033834046,0.04574203381251285,0.08021306224201777,0.012293458229400755,1.1061775764498627,0.32361021914954125,50.73749404827936
0.48864319040466575,0.33206345652851993,0.44590270637674834,0.3877742619291328,0.2736266662816659,0.16221594557601665,0.3974047743749647,34.68411128907443,0.2207696127887604,159.2519377160594
0.0823810456158427,0.1890450777176795,0.2732595269982093,0.34750504933407345,0.9508635622504104,0.5209835255560938,0.47180796008379944,20.986365846306114,0.6385259476640855,173.79049390902028
0.3975943979627943,0.30393218612313483,0.22995460589108618,0.2586580233457594,0.2131047040250833,0.15803647628854475,0.18426317186188057,43.21791249198185,0.47320990669155716,176.70991695706667
0.9681934279147217,0.5007608390357423,0.7765968527917417,0.4214762340577034,0.770921844644052,0.4446595028384689,0.3131101608157077,6.562243884119379,0.032526179491251916,168.67265566540888
0.9208478478156868,0.5307992275006514,0.4815223515125501,0.36902693380473994,0.11730818896239448,0.11615365324799143,0.21515294744973135,10.026236335016836,0.4915945467414369,118.49530915128221
0.06420893707513409,0.04611334245523922,0.7975591006371882,0.46750278331796424,0.31036195892357377,0.19964300266585933,0.03622344389727944,19.62467782033424,0.4799388347171235,122.8589817903244
0.6000205481193037,0.3911842953710045,0.8601223971892046,0.4033552718535916,0.7798509888933498,0.43944195490471233,0.052465089209087434,12.102250793126373,0.9866625932671464,173.70200331158088
0.14249554290151323,0.2770995312523781,0.702464970544104,0.4096093366909902,0.5596486834869141,0.31229796838397345,0.17531346560459038,1.6601554395683282,0.07857849715502074,102.90829518257254
0.39692327620159606,0.2685398247304701,0.6894649691372657,0.3537078518703747,0.8005866991090829,0.4404240932272611,0.052283920167200126,31.821512477181834,0.7064757264869012,211.48977385707462
0.03158614482564204,0.20323346413700039,0.8709691237460856,0.47918702355841414,0.7140869321324278,0.3954542005848125,0.4074125568732561,4.005742319233757,0.8948166560605276,136.4995824169257
0.5475923761537362,0.309139294133078,0.643577695196525,0.4589372198955168,0.5264026609361132,0.305810898131612,0.0301760419952819,12.355161700507322,0.15954468011318834,131.27776013203984
0.8717835665922017,0.3971346142933728,0.7896985071424791,0.41044464026543276,0.6587077755008761,0.4386540947848525,0.3596008891361319,11.422737066564936,0.9963339160567419,185.03651041362542
0.9747931621467831,0.433525903833648,0.6802282424312913,0.43228234213072425,0.07219840897917584,0.10792012653288127,0.363584534883154,37.13532605999905,0.42549333444807536,191.8634708680883
0.3459349925469629,0.1602836539490116,0.7252576604151365,0.5176641532510478,0.48666894142470285,0.26067542510151176,0.2961751642966811,45.61816728083455,0.21066218900566658,189.63897538558788
0.6229665835634828,0.41802680806933956,0.1315676851272598,0.2783211103260424,0.7158249646820886,0.4143884848931632,0.2461389282240174,12.361553720158852,0.8707499012725114,155.9918548938095
0.4453052550026655,0.16640077988535606,0.5929508514349274,0.3896452468732133,0.16352387258502277,0.1392475374040575,0.12906671635056377,32.83683322706461,0.3251900642246949,147.37769589473757
0.7734731256866006,0.3315943177501455,0.07349674733001266,0.20842922567401334,0.16975790508754074,0.09297580209017067,0.41444168294130473,21.544376183090296,0.2487142725876299,127.61170208594704
0.61714498660403,0.30493862008571776,0.16761921628831766,0.27631898591320575,0.03667142693354297,0.08527729366647219,0.23731543787490694,42.20852244845986,0.8056701529500532,205.8358200791617
0.5853543643967521,0.31897632266190346,0.11191961939772788,0.25256219516632455,0.2697496115169896,0.18584250812421088,0.46830284614748074,1.9671770334254823,0.1221099140100268,88.41709083503324
0.4521990282834353,0.27137989195425516,0.5072348086883924,0.3745899572873108,0.0415728590503921,0.07357328139762134,0.43395914726001106,22.736992781692955,0.5155960285792502,137.40900202354763
0.4888465802569202,0.25198194390089224,0.029973589872677953,0.22916157812950727,0.3079299415911909,0.1851956125914785,0.33671621666245866,48.49560230536352,0.09390071578941839,164.31412848267905
0.6726021182251263,0.4226952145605662,0.1771497894473859,0.2449468928541197,0.6926259522261645,0.39569522340165064,0.3089236201006069,43.44524922393591,0.5706097466388297,244.5902171849558
0.03038705969683686,0.12203312338735385,0.6765133857772465,0.4254154374791612,0.21567515239771717,0.13604571423296555,0.32561648852074604,5.3296515153995365,0.657845304603036,95.95463559224255
0.9994137257706666,0.5500226189721675,0.7823854840582735,0.42209664304425953,0.5670162609866678,0.34479619025119923,0.2020701608255165,16.351658078161936,0.6675933855635847,188.21354283025548
0.8078459419412586,0.45921169046575716,0.435583314812933,0.36244484105462477,0.8178342161750216,0.46132710726329684,0.0028793302490607853,16.229291495013516,0.3664615348713979,164.3116599893075
0.3961726916092554,0.21421090169370977,0.44869362262253065,0.4122361775612413,0.23754413087432746,0.14290915896424058,0.03659796188422182,30.172429669068894,0.6682127985550163,156.81963925332505
0.6194903460096145,0.23534135200104886,0.8633336495718252,0.4248504783539915,0.519081785136218,0.3004560070650438,0.17062391381307818,19.009780939292853,0.3988227808969005,161.01419634837754
0.5801723692273323,0.4484998981120112,0.7648832615421283,0.46572254843172556,0.8129857387160935,0.45143915559802744,0.4635172723981533,3.0133695144780424,0.9344360268055143,160.10840097492922
0.3516226872396344,0.23896474855041797,0.25677656772050794,0.22951556116106564,0.28487290196192283,0.2118544656196476,0.26958063833762724,15.565384957800182,0.6103337833109184,117.01448446220996
0.7161506742231936,0.35629409142819185,0.12188609333694755,0.15722524222132983,0.18114934953468032,0.12119068256106484,0.2625816918335301,35.452313086121634,0.10687692309474384,142.8909563461693
0.5673122196289035,0.39679562300458004,0.5502265421562618,0.3613107543063777,0.043412532854819164,0.08114549309234176,0.3008059100731656,40.95944297133951,0.8842064633484078,215.97623860528662
0.22807977194893247,0.21621376383587088,0.4110284698067047,0.25848974497881927,0.8398613028667203,0.46442418696325155,0.11843527948724103,39.026275762193094,0.2748060355481361,194.32882204876586
0.8226143185136784,0.5200243797404042,0.09553531383466818,0.1872508950871123,0.623859324676573,0.406383574920988,0.08400710387243171,36.843687247209104,0.8627970775432285,227.01133487779686
0.21673980009077565,0.24792514191761744,0.54669741271407,0.4451790519291733,0.23194709611597542,0.19516342012565813,0.2483834294295847,49.38927601074437,0.13643975255673313,158.87959195006266
0.6951445540475938,0.3062768802083655,0.7175977656581762,0.3196240084385016,0.6924361513243696,0.40227178264210456,0.28919345850320455,13.708033327990293,0.0794193689889866,152.6470588483867
0.08565824959643054,0.07922433569673798,0.3549963058319373,0.2709339605115543,0.06942384274609337,0.06953111242887372,0.4001782539111808,11.68560409552165,0.5400119146045106,86.09565763518651
0.8800790875614583,0.4751629517936385,0.3243337531153756,0.4031929234159072,0.33300191305819793,0.23040091454463646,0.36532525511962305,23.26028061418591,0.060142342600785215,158.70914530816108
0.5622968158779098,0.2753841069192788,0.5358276844730813,0.3922189845862638,0.09667644964671962,0.1300075253310417,0.17378576211949104,33.2455862243609,0.7954499607897292,180.93962182327917
0.9271778194794527,0.4441756727259411,0.15241601333041743,0.17536760268837942,0.9924835021583752,0.5477016861986548,0.42101664718821064,26.04789886360211,0.6235856880027597,227.3968265431544
0.08912443211601662,0.10927630666571383,0.8260676302525284,0.4659041183469413,0.7820280876703859,0.41960215707048093,0.18006820373575955,4.382137338191927,0.9369578230310628,124.56890178688944
0.5538022407123763,0.27911596131798894,0.44720254050483565,0.25410979726636307,0.6005943333606173,0.3670236411402197,0.24848174145291513,49.607900741165636,0.8514249577450957,271.16521776286794
0.2085105143573358,0.16147484543006957,0.8779743204450695,0.5217074334953603,0.8680566901074503,0.49539716517884824,0.1523395695490204,4.045964152562609,0.40298017876516146,140.41904613386797
0.17352451498650867,0.11758101017678861,0.9756102008599149,0.5583364860374103,0.640972077345332,0.3659831081256656,0.4310072411363113,46.13785952566972,0.4870619188189359,235.94709864680922
0.6062529377509774,0.3099805233648913,0.5025660764634424,0.37725447958430486,0.3986630277723131,0.24189725582029853,0.034086154692746784,1.2905953474743492,0.13516628915482276,93.59627531501089
0.9631151115891738,0.5106339281512446,0.432497878330132,0.33244878442132925,0.3118161330852596,0.14814264243877528,0.052832342130871957,32.04131573451031,0.2160381825095996,166.19498421439206
0.6195879548978296,0.29950933066238217,0.06134962711066816,0.23926441135232868,0.7807615860684398,0.426607457934961,0.4974331585848836,2.889028049818332,0.6950352288585532,131.86005409837406
0.9836789252634136,0.4652891187340483,0.1213849394224289,0.21586892401176946,0.30327514756759555,0.20768656807100025,0.031145899065031346,25.471106407489486,0.9966968538529768,180.25375959627127
0.8139702695060188,0.3488731764831846,0.6238958362916385,0.4327905133504499,0.5270414639116516,0.29264127515586064,0.44330210762023337,22.489232441066125,0.19462251182076507,170.35533203848775
0.3677593508772896,0.307494205773966,0.733614380561402,0.40425181270535926,0.7693048936413398,0.4340546373426239,0.2406720758176618,0.9596138411528343,0.2598132087450342,127.53968349010934
0.760289823122135,0.40955821075931004,0.2152018720172375,0.2086289901952309,0.012120774643893273,0.036178262661102786,0.2739797444868465,22.718866727998044,0.844357082739616,145.87262842448854
0.09808258078424459,0.07958003456818602,0.32467592689006,0.2953983524341903,0.7373570773877997,0.3726245989030055,0.19723813928501766,22.97233842029933,0.7850165438370569,163.56345673258025
0.8920846889402344,0.5139501983030115,0.4376031240553919,0.27523981894059824,0.2546706220460512,0.1755684578428437,0.3186007384041402,32.96769611028913,0.8951177407065364,218.9631665300523
0.6366696821672073,0.3226432011284237,0.5184080219452041,0.36394216620732356,0.15016900081704165,0.12685743435648109,0.34011388960417666,2.0836450301192135,0.08479201604580322,102.03126354265623
0.7163233880626823,0.3464047185644905,0.2965355812876552,0.3539012406286492,0.34970322974584955,0.23845692245883437,0.09259778393373397,8.705466766704218,0.09839564971339732,115.08312747607555
0.6603027197013381,0.32503546184993687,0.020944961030912812,0.25026311770859216,0.08217166747642735,0.10322845575388605,0.19096981982644795,10.284363109777756,0.12138641815940643,92.334794514868
0.6150129680388666,0.3780895590732791,0.5303021332491583,0.4203219943360641,0.041951223431636264,0.10008798551744047,0.37403658971476605,40.58848940450688,0.6564786073315027,209.14184857059382
0.12809574636620003,0.17907934058522992,0.22461561184385193,0.2568661756251033,0.3721670238375133,0.20132891681773082,0.30646979124726276,47.15379188723538,0.24069271183250496,157.07934081629298
0.12150137630091806,0.15912407759689146,0.645810812655206,0.38551509024613206,0.28590678923916013,0.19903591803297627,0.423257169345139,45.94632668197772,0.2522410201733616,177.74559670917034
0.7550419287462783,0.46270334338480346,0.7284906771616132,0.4115450605513721,0.7764474464997246,0.4174476866898112,0.27251345944846916,49.23348697622541,0.9373880664971189,312.4281596031783
0.04317373579701167,0.11255090681703563,0.7259799099852955,0.41349931050969907,0.8177853298569451,0.45950224193378586,0.4203515140056,36.64007723831253,0.5422372054918483,207.22964919340873
0.5903476904587729,0.24118025678773578,0.5650219928590161,0.37342806780863697,0.6888853020500907,0.40101569423250955,0.380560768521579,8.00358174772865,0.4615574744197899,151.00920293962608
0.009331619827093296,0.14515537371559267,0.9918099513493635,0.45120733028019994,0.0991780995872159,0.12534869926964673,0.10201781731444942,27.75424746511431,0.7330712960296748,148.03545608718042
0.615985450260179,0.3206621026431643,0.7837917844853972,0.37962636602013916,0.5542265141320166,0.2981161257563902,0.07444402516622234,15.280210774510744,0.8766507618282006,159.3108064946147
0.9963343376272473,0.4576744617204492,0.722070938202737,0.31191525007763227,0.8861957804650745,0.45912090623646434,0.20631092042431187,34.78090732484034,0.0032182636042786816,215.30085418641357
0.6195893374598407,0.4061631645327866,0.09299063982313216,0.19924730169739235,0.5882022669483905,0.3883861639434408,0.03242679724148417,28.999189371406565,0.5614845879595237,175.6246231563802
0.5606600944161709,0.40581049682961545,0.8049889996807698,0.48931871732161203,0.26982072012821434,0.18476950408561246,0.03852913956716558,2.92754646219896,0.3342383186960608,110.15186856672346
0.7848969771114676,0.46135008098644786,0.5172690564416094,0.3892824394346791,0.44019899795549056,0.2614635832049412,0.21700968308693763,4.430021483980862,0.22061195271121126,118.61759387435126
0.5982252940637388,0.34878250943611877,0.421248053294072,0.3552123192978752,0.6361773647082327,0.3610964386185603,0.20495244484814412,41.99011428178086,0.383832951933044,212.70208604808886
0.5718722712271865,0.26608149883478033,0.3622354416522884,0.32610284971239756,0.33451128874193214,0.2067001070860473,0.2590393831194077,14.936278679438653,0.9406792451153405,146.41144615551156
0.25929675886577375,0.2553669009039498,0.8419335667918086,0.44283280961609467,0.18610141784627732,0.13920848786870987,0.2414844360426776,6.673998620797189,0.08060151375712465,102.03086500145825
0.7279393069737652,0.24761158964163305,0.7295082286523967,0.41080722319325935,0.7655128989911097,0.4398520191389589,0.06767704113884276,37.56875430145229,0.6569551562671395,232.9557519165794
0.956614621083458,0.4338270848692146,0.24697879907199982,0.22947084775375476,0.9062545805210367,0.4863216616473758,0.37969913120898185,22.486992122527,0.7767105569551812,211.97926114325372
0.06536615756438524,0.09984256141515617,0.06265320345535452,0.21809498412372694,0.906437453344411,0.5052516124259957,0.20554780130035327,17.367166312942135,0.8998333456872725,152.47152104348487
0.0218233967754895,0.12108322760051096,0.5601681834618419,0.37241700793432303,0.9368224620330918,0.5162202451871618,0.13007889548102558,36.54104824903649,0.9812970904972467,237.67500257821223
0.2565300624442478,0.14709204911289808,0.5653302545716099,0.39795185224088814,0.4639324866883362,0.28356611095535095,0.1747531860434094,5.704789244396668,0.15124682873493456,103.82716868149507
0.2253169299512351,0.2217748595559854,0.5612227882825249,0.34588803457349343,0.5233909113743664,0.30578463088425223,0.35391754861488434,27.176910867132303,0.08172534574677826,146.52796597008648
0.45830064152865646,0.22000323133017738,0.9456981470002823,0.480810246728473,0.8499753714806619,0.4660200813592533,0.20588277079225425,32.548673357547706,0.5454318694069055,232.99047340327706
0.062273105881885615,0.19477056348069238,0.45923987759695806,0.34062262009764,0.05195657755426841,0.06340859149921327,0.1293104174440194,8.235317671614794,0.33021506487149754,72.48300575082988
0.756751505688635,0.33039420064744596,0.8778300781520408,0.4680987110134275,0.8795818549515292,0.4825814593916727,0.22561967209049405,49.249482807043755,0.7720124763099904,304.58609268993143
0.027167421225559818,0.10781479721672416,0.9092202058615602,0.4359731392923263,0.5387017979527142,0.2998819641483676,0.328390052362147,41.105158030011275,0.38042000750756233,194.0645271735499
0.7756118509253275,0.31870631795038773,0.7928544190338394,0.44788891590793617,0.5775933658811575,0.36255959763471846,0.19798523633122744,45.75450342035216,0.53302886724614,249.47426014995312
0.157954822835348,0.21231060231552806,0.31676167706752667,0.32784654661168544,0.857179256998753,0.473278691739008,0.49176073635761103,7.035576402437921,0.20201566840248997,134.96738896493792
0.18422483923802613,0.18858904751408306,0.15210428322227287,0.28367652212452726,0.440323418368349,0.2554456308833179,0.44120818420366936,40.180176772076756,0.5052067735766382,185.63486743599796
0.9671266152591704,0.5001034483456838,0.6679199988036271,0.3981246584996448,0.6346712732539415,0.34355541097937004,0.00630375998787952,27.987784181919128,0.5273996221226763,202.413173415636
0.7193536223691586,0.3474728575951463,0.858177053157164,0.48727523292518277,0.8190635138616561,0.49568928010681185,0.1571750565918742,23.558394946640732,0.8216368977104717,222.19079872946887
0.4592651971732139,0.2791476228914762,0.8282492524372184,0.3364722808051903,0.33520804737087273,0.22852036717667668,0.4129891063540409,5.031873926176667,0.23987411275594472,111.46387912192638
0.1419719897609939,0.12365310731125106,0.7488263369633065,0.3231642077020128,0.6511475848816741,0.34520481356154226,0.42072377654237997,23.564358369908227,0.9791049380151545,197.70724991035516
0.6341421382957368,0.3722785876674054,0.325104015431699,0.2580278883727458,0.6863271966860974,0.3851222634527153,0.41852056262147,13.963804422720521,0.6428819100587077,165.43661709636638
0.694150573509831,0.28085446372000133,0.21264437637109612,0.2700856613922967,0.03318935456242622,0.08716832949514096,0.46915240922424134,43.5602241131526,0.7660647765353026,203.99702549981868
0.7884473432532987,0.3547744427044062,0.9071950307058299,0.5138701424987571,0.670732311905834,0.3660399082376144,0.2235277719032127,23.017913560096314,0.86456360952267,215.0415706393701
0.5466482201877885,0.3313061287883694,0.11072059332631567,0.23004387480068741,0.4225484283119446,0.25683699608006616,0.42917083839956044,14.610911523094888,0.9107701616439152,146.8926637735676
0.7539619035967839,0.4460178991162616,0.28152119841492995,0.2581185878917295,0.872753839566128,0.49316720945944076,0.27034923832245517,4.826723509772041,0.24189382825883898,144.04002866024615
0.01240403627731479,0.010701611909870054,0.5983574842977588,0.36469387311388357,0.2972378077086172,0.21962111577648688,0.024071417989176724,45.144749759599364,0.8522638743911815,205.7942434775893
0.6678046832264065,0.4122453344156518,0.18533017952871444,0.2663215955571964,0.07896916219082861,0.10417067460664424,0.01733513336324166,29.140341754174482,0.9954375161913099,167.36012302266
0.8556960938375394,0.4055890388457476,0.8313735143857098,0.45121522388919433,0.5989785081772105,0.354792364634583,0.41464339965837776,43.94894501411336,0.5717723520483222,261.5842857807064
0.5174463517550413,0.21647692053838757,0.43459596085871177,0.29598209491575467,0.7738796557301564,0.4546558906171126,0.22169000718959386,30.3544789359377,0.6313075530919887,206.28349946185745
0.5916971623063255,0.2859579210641302,0.5123637775457907,0.3928526454428045,0.10422480280834767,0.09698064280053037,0.32611212977273624,47.526552629310174,0.6006510665483559,200.37408128970182
0.7435939161765598,0.5119817626745621,0.07093221613377343,0.22663178394406772,0.254391580841847,0.16840401620028803,0.022824372751191868,7.001204877665884,0.2768143077913058,84.91779545323419
0.9715326909010507,0.47760334501002244,0.19609771273839294,0.15543657749971826,0.6107800710757683,0.3375033830761157,0.25828631422298953,0.27528995802104106,0.0076640326492253275,119.64753449153693
0.21906880910185778,0.24185150279439666,0.5720486433693008,0.3427380883354125,0.5126677259564164,0.3138808770334728,0.19850752061859583,4.354638339788575,0.6170665161178013,107.09428436503165
0.11383839347660141,0.15071256432261024,0.8742225246851758,0.35415579635966304,0.49354658034011867,0.28879105312600434,0.1972880377988232,21.09140892694157,0.41102107526554577,142.02476407705666
0.9076110025565549,0.5016454791227931,0.3093727178627821,0.36937800258780806,0.8237903842212947,0.46479254540379844,0.3432949567463034,5.724381903295256,0.3838388830449795,155.06154162785353
0.456236508955542,0.238087208795848,0.4189477901874754,0.310340279621874,0.7511780478084181,0.43582750572479456,0.334286323361457,33.93349783362824,0.36191999083786497,195.5005412893512
0.5936607912085384,0.3478005188456651,0.873698593466345,0.5000565080460009,0.7239730554660938,0.41315354781875646,0.07106856189672883,0.5853305365452033,0.422034260127639,129.5824359205447
0.29504070765415624,0.35192177674358216,0.04373907230894736,0.1888391628881506,0.12300329512374564,0.07231384304005795,0.364586743774724,32.614582429596986,0.8456043629899068,169.0144321920076
0.6924928266692253,0.46900798740978966,0.2753811742554185,0.2453406776735198,0.3063134987782127,0.19784135765922667,0.39919017025917625,41.12111868341392,0.8575623376612838,238.7637180111997
0.9166352358412073,0.37568869790324677,0.5821987465941139,0.3400002826164132,0.3711724234376276,0.26729914157652845,0.34420250924606843,18.727644351006067,0.16686020169875282,157.06673941914457
0.43052933846220753,0.2239915226542984,0.025447759905750877,0.18612649619213342,0.6458223862864843,0.3446578247798216,0.0358559444238255,20.4814447447616,0.3112174950633936,139.66667639857945
0.6771206397350094,0.289403746715278,0.2178925542549901,0.328992138606434,0.9880359661555919,0.5818457400688027,0.07027648378918039,24.27948498296989,0.027536719869465487,170.099317819009
0.50545511791045,0.29707562516243,0.03899601257491159,0.23216172315233563,0.03095579091934353,0.04351498589905484,0.011676048164092956,37.81068069750884,0.4585230088818907,141.30953673131313
0.2892447719726545,0.21102620524321186,0.8884036723086812,0.4779702229456583,0.6029428764794615,0.32067810785426437,0.17019355212725285,27.07038036737926,0.1541450431784871,153.3235262802632
0.5537114853580112,0.40012532618906355,0.8336499619375856,0.4626176089676646,0.44044135031242404,0.248952635024793,0.09731191835243597,2.882379109951244,0.34244797883471334,111.9931024568165
0.27024769213078326,0.2111548573206827,0.34727703903050755,0.3288807053088383,0.580467600993696,0.33679654076758214,0.3131171607105319,24.444891589622568,0.40177880065432425,149.95505260657728
0.9938483888996982,0.5121324436598801,0.5693773611822828,0.41578645691209715,0.620660479824584,0.35137195031855234,0.01972976644544966,23.777301874341333,0.5430245839576632,186.2884796598226
0.2277497361032096,0.2043942093442505,0.869969159647685,0.5494465829074698,0.1306523438234629,0.10809091053499519,0.3971053312747027,13.788378412567848,0.8770905810181889,131.08995446617016
0.9440420938253978,0.4713859477206527,0.9809873781626851,0.43566663300616837,0.4834074359731466,0.29680918573484455,0.18766495395980093,14.28917777629351,0.20322309108608727,167.67259602978035
0.7617981913776972,0.41674283901758924,0.4923254800011819,0.22671038162976645,0.5772790292331312,0.3625186398163312,0.3822638973273588,28.676447572778663,0.9560471436119331,221.70145399021314
0.20047451552840279,0.23848010717178042,0.8930902051954149,0.4577043125743632,0.06245759361907144,0.07852371030166187,0.2552162445021161,31.329625554660513,0.9263826067300868,184.95805694482917
0.01911609442976403,0.20549961979898768,0.7227069576982285,0.40474136678845823,0.692532431537108,0.38806700569149855,0.17935776270850673,40.22186038397525,0.278759872414553,183.4697663483551
0.21070496386720317,0.15750131862561068,0.014315277667059978,0.2471254385314019,0.73786951856153,0.4292356127462888,0.0714251436504193,37.671396112848456,0.768922782107641,208.81329317795542
0.6585405156700549,0.39264136707398745,0.6136041142374584,0.40656402960253,0.08860471396967906,0.0778975303958655,0.20377151551621542,20.35532445628138,0.06600984414024158,119.09974205329654
0.3488205339694793,0.24486757326150044,0.9476880259644708,0.4775679788335853,0.0723164752579386,0.08676205337317242,0.14978283897693695,3.8431037638081755,0.5006242680704178,92.1971764281555
0.7945155444907487,0.40884569406503,0.07290183536790351,0.22599618557653053,0.4028732826326371,0.23147604457272414,0.1405022494543568,40.17413716484423,0.9292280536318539,225.92113961906486
0.4051026945275664,0.24812151927047765,0.4764369863437916,0.37459916164532014,0.22602899781599972,0.16459242083997003,0.3017465480216893,17.890704205677444,0.6478174459905284,133.7400504771934
0.12292067846538757,0.14956648551852156,0.44934974203964206,0.38499039880242647,0.5858647884535192,0.32995411660130963,0.3413086106117012,12.096584015776479,0.7139526325065898,133.3959298924273
0.8225347943841967,0.4408430052974886,0.5201698923107512,0.42453640659171443,0.14287596133941172,0.10666192329510144,0.24834771140897327,14.213704646375835,0.13382836299969314,125.4131099394458
0.6295576968917366,0.3205135771456163,0.27616955782089947,0.2836198164148751,0.7069764874557162,0.3863192449203644,0.050946194033006764,18.011695940021394,0.27039328638452553,154.3192731988555
0.8427119021605549,0.48845583763116074,0.8918721448107347,0.43437562459423484,0.43381741957652953,0.26238349236478975,0.4820392082450541,4.464476226278647,0.6870192665032427,151.33520155260365
0.49381404045692867,0.37596454638791393,0.7038570916343312,0.344752314368612,0.004363269650309087,0.06262650845011475,0.33319270678910323,48.30237525643386,0.761037790250783,222.18090818651802
0.950772707731338,0.42753973223791086,0.10536492225085647,0.2845337038517732,0.7818238633449356,0.4321497351875959,0.18002523295048917,47.83999077421431,0.5004011457102012,250.84515099118556
0.43272913601970464,0.20101755132739302,0.3687071708647952,0.30013952297698476,0.3698132559871766,0.2596090644325589,0.4251740005599477,10.599702734932903,0.6573534821701286,122.75048550020193
0.4722818041629817,0.2752617336288917,0.6778132003100442,0.4216002306921638,0.6077521222527226,0.3390359384132085,0.3258198802386383,36.92987290661654,0.31562734376335,195.64521856553796
0.6448326040223138,0.4353330293051265,0.1992152748940531,0.22169420530397568,0.8902150026361744,0.4775378445871258,0.029045976040174892,5.57561061606382,0.5158619027123281,131.11846718465569
0.2675926767279715,0.1307711161795158,0.019327630917601035,0.14910750952093615,0.12436839900051022,0.10782348193629071,0.20214487362743455,26.546883920604692,0.5951316749056815,109.52074122312345
0.00992382112783563,0.1308726144602247,0.5190322801295487,0.35362564391936996,0.6775422674589532,0.4098433817143498,0.38646074093805755,26.064802382706947,0.9760138232792136,189.46875294320628
0.12555021476265338,0.13833532967057932,0.2655828329586061,0.28928658809734337,0.01755236336662891,0.07839325066606397,0.25898026385628947,17.404779658414405,0.3717392949063303,85.2586927892939
0.0013536257154681541,0.1499749087540874,0.9741944438163571,0.4246860449003086,0.8470608269838995,0.4869348114374965,0.22899787950178574,19.90026464772514,0.3029157288331926,167.76383228354865
0.06569485895436578,0.08912123034334712,0.4840770697102016,0.30537298073395136,0.747444406596694,0.4098213300953522,0.47889490049410194,47.13621595470561,0.7851895431484084,253.41639096244157
0.9913279015642206,0.5233857022787455,0.07560504061675077,0.22526283102058564,0.3656807482613713,0.21959775722133368,0.07040147444633804,31.120682078299833,0.7813218557473051,191.93577034846345
0.5782983994203607,0.34760472765880424,0.6359547071637285,0.3723071357032617,0.3881657061269955,0.22068250005151951,0.17259610424710525,45.87429215659951,0.2905045056714204,201.79710722259105
0.4699882681579366,0.3044985573038057,0.06220322616470275,0.24965728446920107,0.14730304427897034,0.10186991981652908,0.4789670605283852,26.482986197280994,0.24189329411288918,125.40594673790963
0.5006035711547075,0.2737445399887586,0.274703815047892,0.2936424337838186,0.8069654908839936,0.4972357429329972,0.21640800110473463,2.194997132150256,0.16574977982015593,115.54596290456624
0.4455416387418909,0.30060974288434605,0.24197713031704537,0.29114784166080976,0.9606269755131998,0.5312727166762308,0.12977089158804517,21.849794283281042,0.593560935378786,185.57046169329277
0.07308156202701499,0.13736984555312579,0.19010764978372763,0.25910124756441066,0.7925951162883833,0.44683117928640237,0.48865395399575184,37.86551035672194,0.1616714362369619,178.0093554593563
0.47690010646797,0.24268562410441114,0.6406151835488874,0.4337271712786346,0.6666004790466192,0.3879433585181503,0.38581345548930385,24.944783226797096,0.012103116776107425,156.49399640291435
0.009038469079292177,0.13453980665454066,0.22867677960360877,0.25822915774688904,0.6343636888716871,0.35326841687887955,0.424021044800742,36.443072113497344,0.09539927731321063,147.3639885704575
0.4287020209864336,0.2704933537178421,0.6624340117010681,0.3744012089766301,0.11850262359815156,0.0940914673487023,0.4597655123280249,49.662750771148204,0.044911298995615856,157.19627626931202
0.761007923495392,0.33719744587999745,0.7542649733470227,0.3461164686633093,0.9184264321454086,0.5112236179628675,0.1785605796502514,39.377454292938964,0.25100138326230026,230.92711201441605
0.5640740288335178,0.39456509884657465,0.2403989128935069,0.20987811195714423,0.19159294573482577,0.11527105293296865,0.019464981662833725,1.8009409145713196,0.17522177210582734,75.06189371766243
0.8667703545060003,0.36969576020084627,0.5800888346694546,0.47319596214342197,0.5166983852262678,0.292247007815408,0.1765251958001512,44.704715126662535,0.9464565131504055,278.620214789754
0.8925582274864745,0.5275758360475511,0.4763357333010988,0.3226302196096407,0.4975398521461022,0.30695048714790385,0.09306794887667397,16.57823495335969,0.8550302016199351,165.07553789014628
0.20707580921085522,0.18338740183677998,0.40941207181701833,0.35830568607039587,0.8108785810079184,0.44586794566363697,0.3468090287368976,38.55614079259433,0.6546506868659545,228.41266374739143
0.15159507480009937,0.1661115601224042,0.2824724263700037,0.33736817497848426,0.4252281854376939,0.2764188287264524,0.027317210000486147,48.653908148616644,0.22612533124967193,156.08085332536984
0.30419871963628087,0.17018275430922503,0.001473822086311416,0.16299057307813866,0.7293447940879964,0.4390198684390308,0.42421268954526237,21.131459850680457,0.30293090564042924,151.88944096129768
0.3252951340230311,0.27329788657154197,0.18161396775660266,0.2834663517931132,0.3709410081577652,0.2646651415796414,0.33050712712366015,3.9227908158561977,0.5444969591038651,86.24807058774616
0.7093208284726096,0.4077435640397088,0.5837727805141116,0.3466626491468271,0.9522217856975946,0.49434160204044614,0.3572120820356211,37.95026412609655,0.10251596406647445,219.54756163849555
0.5138544642067677,0.1900825991184638,0.9329248625696721,0.4877301390409742,0.8275063198732212,0.4853920011314276,0.23085807190655955,46.049726054828795,0.6945954272532854,278.1664797911372
0.7289810616558164,0.3704607466262487,0.807070903866703,0.4759511719908033,0.19524060295649204,0.12163796859222467,0.4892627341945703,42.82686118739634,0.7011698615902597,227.7320645843127
0.7270567616153901,0.42250328167494766,0.49625875288236154,0.35327606691735003,0.3805177098698945,0.24934251827874404,0.3672219660377957,19.217751926206745,0.02519341395922936,138.74019053243282
0.8389973277180107,0.4325844815176237,0.23497340499595276,0.2932317799809048,0.7048710100433817,0.40629965347597474,0.4835176376280731,2.5834360828980554,0.5047955983045281,147.37206461817516
0.7184539473225501,0.3754844015616663,0.8000034817636814,0.4534522479359811,0.5527070757185453,0.3064257040759313,0.4326478794544562,7.863660408985767,0.30978785920909924,147.59752351319517
0.2900455319624369,0.234846913541931,0.7966813971913723,0.47949731123926304,0.250467898792499,0.19746552253888885,0.41641518839413555,45.304353024063026,0.012156771477386807,173.604066842452
0.6740199190587927,0.3730953100655695,0.2876327290436782,0.2543015923408968,0.3067765995221412,0.22838391378914275,0.1670249828343846,36.63495252951402,0.4045273855738697,168.55951670654588
0.06835320030995862,0.09215855264565788,0.43276687959926263,0.3764290516277575,0.6854438832219015,0.38407718482765824,0.1869605235064068,47.22242913471517,0.6417343972985582,226.5707919526871
0.6714791486672069,0.3093185417871278,0.41833386410228013,0.3515485675094255,0.7509397983633183,0.419584601745788,0.1381595542329268,21.6009463797253,0.9803687409421851,196.00989656050348
0.06750254668382194,0.06058527110027624,0.9706765454097441,0.49507664955978475,0.1133035047274642,0.13692371185678767,0.35227721401372264,21.136431844696613,0.34652416795271823,120.26421068703523
0.39761237855287057,0.21761917961427327,0.48303969755889,0.31177268532794866,0.2685337560676073,0.2032358050310344,0.4842686658499461,30.181860027968753,0.07697946706496628,134.59536271399142
0.07558361385406698,0.12606423177791215,0.09206698608247543,0.2369047253117956,0.5990445871503816,0.37949394501542816,0.13370101392877065,0.7555342107237517,0.9650153694544719,88.99526396564958
0.2508930456911025,0.25985278813849944,0.6100074170794857,0.43368601215103886,0.3129073942136482,0.21956572565781426,0.43304781680584575,47.33668644616978,0.10590580440375763,166.5020925186975
0.15482861259771985,0.15118592728158403,0.5875858711094019,0.390115433799085,0.7011395944174736,0.38327848266317077,0.007697445845654238,29.146302840213156,0.25310153917960876,166.55348544712882
0.45025424614289034,0.27461322326634907,0.8398016066644267,0.4768147448646109,0.18854060574925113,0.12698248145634194,0.3741921748381157,45.727433192427945,0.43402097270875883,202.7103594953262
0.25871164215544096,0.2873578033778067,0.009054161580370979,0.1780939447575854,0.5894539894846972,0.3760917899207416,0.1210110399904386,35.70263616890634,0.0913914863317764,152.37815785985813
0.1992703364668008,0.19766728704632433,0.013745554011345251,0.2325207533571602,0.2483762603698002,0.16021603347297902,0.1237798851399432,3.126314787142287,0.45894051659682034,60.50658027789872
0.7327334747861651,0.4738422308600235,0.08114917853623915,0.2741994413355984,0.9514907101767872,0.5339028907359,0.41149190252088375,46.63552540663807,0.5442539661136977,265.5187301525304
0.2002820178676259,0.2509638277961317,0.7379173933540254,0.45544219316548806,0.5214490241668801,0.30702369763022397,0.46038330423167867,29.2224454878713,0.5383319432557134,181.67225474216417
0.2688535143821935,0.24805865652969292,0.6664630475268357,0.38645683299320766,0.7873870267523329,0.486521175746388,0.12419180437160376,35.27304151417432,0.4276013337033373,198.70757428948352
0.4425455148147456,0.3039344070457446,0.06400634660862092,0.22841429967979143,0.8247432373470076,0.4527905975262687,0.010956664387504478,15.05230389171565,0.5026312426301305,135.11409060677383
0.05617607734743901,0.1621288992786305,0.10539321810780522,0.2307911779199603,0.7644407280755043,0.46720484808829527,0.13011829899261468,7.974613127067914,0.16046261427122643,101.54914412061564
0.07049194564314465,0.15533199815609405,0.881690611843508,0.41256419406370837,0.8141256855911618,0.4431756833809133,0.14459372314797492,15.490343766123448,0.24995694639762123,149.2049605837379
0.5150056597097231,0.19876212875637736,0.353789158736436,0.33277841266077085,0.8285555979060814,0.4509163859110853,0.45689422193662965,47.6407508501253,0.32674254203004083,236.62943029217698
0.35442494879305486,0.27715180070264633,0.8763194331423115,0.46334773926830886,0.1025679625835898,0.12258151607759966,0.25156623627577,9.693153396844634,0.8588167711681547,104.87244310675737
0.6769407829968374,0.37951720163917385,0.7483558536657398,0.4327395138676504,0.43921060124971734,0.2475448315154487,0.33682270873745385,8.962662786964037,0.6939495905101568,146.12863235757283
0.22959816075396866,0.19744451164281335,0.1613628010553837,0.33564079897954924,0.08355433751068975,0.08615677580991316,0.17713566360860783,5.267274224066659,0.22236130474817029,66.3597835417097
0.5192245707802051,0.23680863160284343,0.05773215922511721,0.24731261275931743,0.39103286912739865,0.23077671095536423,0.4799314013567276,30.815024296286204,0.5568784431720959,168.29321769533126
0.4157751035233219,0.33339507955642844,0.6964298070361072,0.2923962039334872,0.7021460961818294,0.4010819579746656,0.20597904751705098,43.52634831346921,0.6314189212183764,234.1170721570509
0.5325040664159818,0.32559346409757367,0.11720390568023342,0.18931693711814193,0.33720657556575206,0.2272730821318465,0.1031260569180763,19.5929686594013,0.8956747776187787,140.4213679655474
0.2043163833989703,0.04748715100371351,0.018124041045729733,0.21841589038772996,0.7927581135728128,0.4454650521644708,0.28033914746947497,31.421322830729352,0.6886316293078756,184.27929598448236
0.2532723835227151,0.26353385721013894,0.8213883629006943,0.45301755500108615,0.8433261677878832,0.4299467667154758,0.395779101295685,22.564705651462745,0.1834421964034345,173.89408388665996
0.8549740195614743,0.4374833707750392,0.07569972730978747,0.2738791972743063,0.38782608991693124,0.2383990011000483,0.27088048213378163,48.40329060253794,0.06656472791422285,185.4804386070159
0.6483180074520956,0.34962973295870553,0.8038145451934468,0.4079791474693082,0.4334722327556344,0.24517868015027341,0.1752602671430809,18.62666368797754,0.06871367772396098,139.69356295126664
0.36957419942677316,0.3359141263103189,0.656729484721608,0.3828765181075927,0.7087656552291542,0.4002037445100968,0.002656737834172973,40.22473212159112,0.7728095732903374,246.400791298709
0.5484191629935626,0.38919750977648826,0.7517469923958404,0.4462564969739913,0.8030020719578371,0.4286158073510844,0.33557873668984434,31.02368925259853,0.7422531871990872,232.70509126143443
0.1698810060507353,0.17549591308417084,0.7499777984520708,0.41909963630654146,0.9082284887003229,0.5149423957276132,0.32706636851393683,44.456396197000494,0.5788067545119405,255.66930719931452
0.6323913243283874,0.3483366078011876,0.716397111958099,0.3540631134697844,0.2709426983163654,0.17286509957312307,0.12075031399641672,10.745631851819793,0.42485084286808694,116.6143032181138
